INSERT INTO [Customer] 
VALUES	('CU001','Noah','Male','Ades No 5 Jakarta','08124789','noah@gmail.com' ),
        ('CU002','Joe','Male','Amidis No 12 Jakarta','08124789','joerama@gmail.com'),
        ('CU003','Budi','Male','Aqua No 27 Jakarta','08789123','budili@gmail.com' ),
        ('CU004','John','Male','Evian No 22 Jakarta','08682345','johnya@gmail.com' ),
        ('CU005','Ronan','Male','Minerale No 21 Jakarta','08789235','Noran@gmail.com' ),
        ('CU006','Lee','Male','Nestle No 28 Jakarta','08789124','leelee@gmail.com' ),
        ('CU007','Sean','Male','Pristine No 83 Jakarta','08678234','seante@gmail.com' ),
        ('CU008','Mona','Female','Ades No 1 Jakarta','08124782','monakin@gmail.com'),
        ('CU009','Lucas','Male','Aqua No 16 Jakarta','08123789','lucasi@gmail.com' ),
        ('CU010','Wilm','Male','Crystal No 13 Jakarta','084567912','Wilmd@gmail.com' )

INSERT INTO [Staff]
VALUES	('ST001','Gigas','Male','08712378','Gigas@gmail.com','Raya No 2 Jakarta','6100000'),
        ('ST002','Jacob','Male','08501289','Jacogb@gmail.com','Rafflesia No 3 Bekasi','5200000'),
        ('ST003','Berenice','Female','08150924','david1@gmail.com','Daisy No 13 Jonggol','9200000'),
        ('ST004','Ling','Female','08125802','zard2@gmail.com','Mawar No 9 Jakarta','8200000'),
        ('ST005','Grok','Male','08025912','bulba15@gmail.com','Bunga No 5 Jakarta','8600000'),
        ('ST006','David','Male','08508123','pinsir@gmail.com','Eccle No 3 Jakarta','5300000'),
        ('ST007','Dida','Female','08239041','lorpar@gmail.com','Fleur No 12 Jakar','5500000'),
        ('ST008','Rafi','Male','08948122','tinkhek@gmail.com','Bee No 1 Jakarta','10000000'),
        ('ST009','Mei','Female','08012389','ernus@gmail.com','Lebah No 39 Jakarta','9000000'),
        ('ST010','Jono','Male','08778924','sheou@gmail.com','Ayam No 15 Jakarta','7500000')

INSERT INTO [Vendor]
VALUES	('VE001', 'PT Sinar Mas Group', 'sinarmas@gmail.com', '02124911545', 'Jl. M.H. Thamrin No.33 F, RT.9/RW.4, Gondangdia'),
		('VE002', 'PT Tempo Scan Pasific', 'v.tempopasific@yahoo.com', '0212456154', 'Jl. Kawasan Industri EjiP Sukaresmi, Cikarang'),
		('VE003', 'PT Adam Air', 'adamair@gmail.com', '0213684523', 'Jl. Peta Barat No.78, Kalideres, Kec. Kalideres'),
		('VE004', 'PT Perdana Citra Komputer', 'perdanacitra@gmail.com', '0213004100', 'Jl. Kebayoran Baru No.5, Kota Jakarta Selatan'),
		('VE005', 'PT Wijaya Karya', 'wijayakarja@yahoo.com', '021806792', 'Jl.D.I. Panjaitan Kav.9 Cawang'),
		('VE006', 'PT Berkat Terang Dunia ', 'berkatterang@gmail.com', '02134567892', 'Komplek Rukan Sentra Niaga Blok P No. 7 Green Lake'),
		('VE007', 'PT Trikomindo Kharis Utama', 'trikomindo@yahoo.com', '0212265837', 'Ruko Permata Ancol Blok G16'),
		('VE008', 'PT Lintas Virtual Globalindo', 'lintasvirtual@gmail.com', '081218645', 'Komplek Ruko Mutiara Bekasi Center Blok B10 No. 1'),
		('VE009', 'PT Clarizza Eston Indonesia', 'clarizzaeston@yahoo.com', '0212254321', ' Jl. Tarum Barat 2, Kawasan Industri Jababeka II'),
		('VE010', 'PT Sukses Mandiri Cemerlang', 'suksesmandiricemerlang@gmail.com', '021223544', 'RUKO PASAR LARIS B NO.7 RT.005 RW.013 DURI KOSAMBI')

INSERT INTO [Brand]
VALUES	('LB001', 'Asus'),
		('LB002', 'Lenovo'),
		('LB003', 'Hp'),
		('LB004', 'Samsung'),
		('LB005', 'Apple'),
		('LB006', 'Acer'),
		('LB007', 'MSI'),
		('LB008', 'Dell'),
		('LB009', 'Razer'),
		('LB010', 'Toshiba')

INSERT INTO [Laptop]
VALUES	('LA001', 'LB001', 'Zenbook 14 Ultralight UX435', 20999000),
		('LA002', 'LB002', 'Thinkpad X1 Nano', 20199000),
		('LA003', 'LB003', 'Pavilion Aero Laptop 13', 16099000),
		('LA004', 'LB004', 'Galaxy Book2 Pro', 31499000),
		('LA005', 'LB005', 'Macbook Pro M1', 73999000),
		('LA006', 'LB006', 'Swift 5 Antimicrobial Ultrathin Notebook', 19525000),
		('LA007', 'LB007', 'Prestige 14 Evo', 15999000),
		('LA008', 'LB008', 'XPS 17', 30699000),
		('LA009', 'LB009', 'Blade Pro 17', 34800000),
		('LA010', 'LB010', 'Satellite L840', 6369000)

INSERT INTO [Purchase]
VALUES	('PU001','VE001','ST001', '2021-10-27'),
		('PU002','VE002','ST002', '2021-09-30'),
		('PU003','VE003','ST003', '2021-08-05'),
		('PU004','VE004','ST004', '2021-10-17'),
		('PU005','VE005','ST005', '2021-06-25'),
		('PU006','VE006','ST006', '2021-11-13'),
		('PU007','VE007','ST007', '2021-12-24'),
		('PU008','VE008','ST008', '2021-12-28'),
		('PU009','VE009','ST009', '2022-01-15'),
		('PU010','VE006','ST002', '2022-02-26'),
		('PU011','VE001','ST003', '2022-03-24'),
		('PU012','VE004','ST005', '2022-04-22'),
		('PU013','VE010','ST010', '2022-04-11'),
		('PU014','VE007','ST006', '2022-05-03'),
		('PU015','VE010','ST010', '2022-06-01')

INSERT INTO [PurchaseDetail]
VALUES	('PU001','LA001', 2),
		('PU002','LA001', 3),
		('PU002','LA001', 1),
		('PU002','LA005', 4),
		('PU003','LA006', 5),
		('PU003','LA008', 6),
		('PU003','LA005', 8),
		('PU003','LA006', 3),
		('PU003','LA007', 2),
		('PU004','LA003', 1),
		('PU004','LA001', 5),
		('PU004','LA008', 8),
		('PU004','LA005', 8),
		('PU004','LA003', 9),
		('PU005','LA001', 1),
		('PU006','LA010', 2),
		('PU007','LA008', 3),
		('PU008','LA006', 4),
		('PU009','LA003', 5),
		('PU011','LA002', 6),
		('PU012','LA001', 6),
		('PU012','LA002', 7),
		('PU013','LA006', 3),
		('PU014','LA007', 2),
		('PU015','LA008', 5)

INSERT INTO [Transactions]
VALUES	('TR001','ST001','CU001','2021-01-23'),
		('TR002','ST002','CU002','2021-02-13'),
		('TR003','ST003','CU003','2021-03-14'),
		('TR004','ST004','CU005','2021-04-06'),
		('TR005','ST009','CU005','2021-05-04'),
		('TR006','ST004','CU006','2021-06-07'),
		('TR007','ST003','CU003','2021-07-27'),
		('TR008','ST010','CU009','2021-08-18'),
		('TR009','ST009','CU010','2021-09-19'),
		('TR010','ST004','CU002','2021-10-20'),
		('TR011','ST005','CU003','2021-11-05'),
		('TR012','ST007','CU004','2022-01-14'),
		('TR013','ST003','CU002','2022-02-16'),
		('TR014','ST008','CU007','2022-03-11'),
		('TR015','ST005','CU006','2022-04-22')

INSERT INTO [TransactionDetail]
VALUES	('TR001','LA001',2),
		('TR002','LA003',3),
		('TR003','LA004',4),
		('TR004','LA005',8),
		('TR004','LA006',2),
		('TR004','LA010',5),
		('TR005','LA005',4),
		('TR006','LA002',6),
		('TR007','LA001',7),
		('TR008','LA003',9),
		('TR009','LA004',1),
		('TR010','LA005',2),
		('TR010','LA007',1),
		('TR010','LA008',6),
		('TR011','LA001',1),
		('TR011','LA002',7),
		('TR012','LA009',9),
		('TR012','LA003',1),
		('TR012','LA010',2),
		('TR013','LA006',5),
		('TR013','LA008',7),
		('TR014','LA010',8),
		('TR014','LA002',3),
		('TR014','LA010',3),
		('TR015','LA002',2)